﻿Designator,Footprint,Quantity,Value,LCSC Part #
"C1, C2, C4, C8",1210,4,100nF,C569766
C3,0805,1,10nF,C569765
"C5, C7",C_Elec_6.3x5.4,2,220uF,C90275
C6,C_Disc_D6.0mm_W4.4mm_P5.00mm,1,1nF,C2887268
C9,0402,1,14pF,C3037644
D1,0603,1,XL-1608UBC-04,C965807
"D2, D3",0805,2,XL-2012UWC,C965818
J1,PinSocket_1x04_P2.54mm_Vertical,1,Power, C5116530
J2,PinSocket_1x04_P2.54mm_Vertical,1,Status, C5116530
J3,PinHeader_1x06_P2.54mm_Vertical,1,Electrodes, C7509518
J4,PinSocket_1x04_P2.54mm_Vertical,1,Output, C5116530
"R1, R15, R16, R5",0402,4,10M±1%,C2933065
R10,0402,1,604,C2998094
R11,0402,1,412k, C5126037
"R12, R13",0402,2,1.2M, C43675
R14,0402,1,1k,C2906899
"R17, R3, R4, R9",1206,4,10k,C17902
R2,0402,1,1.58M,C368345
"R6, R7, R8",0402,3,330k, C3017599
"TP1, TP10, TP11, TP2, TP3, TP4, TP5, TP6, TP7, TP8, TP9",TestPoint_Pad_D1.5mm,11,TestPoint,
U1,TSSOP-10_3x3mm_P0.5mm,1,ADS1113IDGS,
U2,LFCSP-20-1EP_4x4mm_P0.5mm_EP2.5x2.5mm,1,AD8232, C43216
U3,SOT-23-5,1,SN74LV1T34DBV,C100024
