﻿Designator,Footprint,Quantity,Value,LCSC Part #
"C1, C10, C11, C12, C4, C8",1210,6,100nF,C569766
C2,C_Disc_D12.0mm_W4.4mm_P7.75mm,1,10nF,C2896242
C3,0402,1,14pF,C3037644
"C5, C6",C_Elec_6.3x5.4,2,220uF,C90275
C7,C_Disc_D5.1mm_W3.2mm_P5.00mm,1,1uF,C2839237
C9,C_Disc_D6.0mm_W4.4mm_P5.00mm,1,1nF,C2887268
"D1, D3",0805,2,XL-2012UWC,C965818
D2,0603,1,XL-1608UBC-04,C965807
"D4, D5",0603,2,XL-1608UGC-04,C965804
J1,PinSocket_1x04_P2.54mm_Vertical,1,Power, C5116530
J2,PinSocket_1x04_P2.54mm_Vertical,1,Output, C5116530
J3,PinHeader_1x06_P2.54mm_Vertical,1,Electrodes, C7509518
J4,PinSocket_1x04_P2.54mm_Vertical,1,Status, C5116530
"R1, R10, R15, R18, R2",R_Axial_DIN0309_L9.0mm_D3.2mm_P15.24mm_Horizontal,5,10M±1%,C2979775
R11,2010,1,412k,C421836
"R12, R13, R16, R17",0402,4,330k, C3017599
"R14, R19, R4",1206,3,10k,C17902
R3,0402,1,604,C2998094
"R5, R8",0402,2,1.2M, C43675
R6,0402,1,1k,C2906899
R7,0402,1,1.58M,C368345
R9,0402,1,330,C2906929
U1,LFCSP-20-1EP_4x4mm_P0.5mm_EP2.5x2.5mm,1,AD8232, C43216
U2,MSOP-8_3x3mm_P0.65mm,1,ADS1251,C1543012
U3,SOT-23-6,1,TS5A3159ADBVR,C128405
"U4, U5",SOT-23-5,2,SN74LV1T34DBV,C100024
